Category,Region,State,Order Date%M,SUM_Sales
"Furniture","Central","Illinois","January","1584.3350067138672"
"Furniture","Central","Illinois","February","2026.9779725074768"
"Furniture","Central","Illinois","March","2996.2070121765137"
"Furniture","Central","Illinois","April","2207.634029865265"
"Furniture","Central","Illinois","May","1993.335981607437"
"Furniture","Central","Illinois","June","2920.412979125977"
"Furniture","Central","Illinois","July","2416.1049766540527"
"Furniture","Central","Illinois","August","1867.5629787445068"
"Furniture","Central","Illinois","September","4126.8800048828125"
"Furniture","Central","Illinois","October","357.2650032043457"
"Furniture","Central","Illinois","November","3028.352967739105"
"Furniture","Central","Illinois","December","2749.4529752731323"
"Furniture","Central","Indiana","January","2004.0000019073489"
"Furniture","Central","Indiana","February","20.31999969482422"
"Furniture","Central","Indiana","March","685.9700243473053"
"Furniture","Central","Indiana","April","96.14999771118164"
"Furniture","Central","Indiana","May","6.239999771118164"
"Furniture","Central","Indiana","June","1174.2900390625"
"Furniture","Central","Indiana","September","2170.5999603271484"
"Furniture","Central","Indiana","October","1546.2000274658203"
"Furniture","Central","Indiana","November","3792.9399185180655"
"Furniture","Central","Iowa","January","49.4900016784668"
"Furniture","Central","Iowa","March","1184.719970703125"
"Furniture","Central","Iowa","September","1408.0999755859375"
"Furniture","Central","Kansas","December","111.11999893188477"
"Furniture","Central","Michigan","January","1299.580020904541"
"Furniture","Central","Michigan","February","157.74000549316406"
"Furniture","Central","Michigan","March","241.81999588012692"
"Furniture","Central","Michigan","April","5.46999979019165"
"Furniture","Central","Michigan","May","3835.38990688324"
"Furniture","Central","Michigan","June","700.8999938964844"
"Furniture","Central","Michigan","July","2235.030014038086"
"Furniture","Central","Michigan","August","1082.5799827575684"
"Furniture","Central","Michigan","September","2321.6400299072266"
"Furniture","Central","Michigan","October","1673.4000301361084"
"Furniture","Central","Michigan","November","3717.5700035095215"
"Furniture","Central","Michigan","December","5049.979846954346"
"Furniture","Central","Minnesota","January","2055.1999855041504"
"Furniture","Central","Minnesota","May","2574.000087738037"
"Furniture","Central","Minnesota","July","155.8800048828125"
"Furniture","Central","Minnesota","August","123.95999908447266"
"Furniture","Central","Minnesota","September","1566.8299865722656"
"Furniture","Central","Minnesota","October","29.21999931335449"
"Furniture","Central","Minnesota","November","479.8999938964844"
"Furniture","Central","Minnesota","December","626.3600196838379"
"Furniture","Central","Missouri","January","212.94000244140625"
"Furniture","Central","Missouri","March","697.1599731445312"
"Furniture","Central","Missouri","April","86.62000274658203"
"Furniture","Central","Missouri","July","348.24000549316406"
"Furniture","Central","Missouri","September","1024.3800048828125"
"Furniture","Central","Missouri","October","37.29999923706055"
"Furniture","Central","Missouri","November","520.1300048828125"
"Furniture","Central","Missouri","December","9.68000030517578"
"Furniture","Central","Nebraska","March","28.399999618530277"
"Furniture","Central","Nebraska","September","1336.43994140625"
"Furniture","Central","Nebraska","December","579.8600025177002"
"Furniture","Central","Oklahoma","March","3398.72998046875"
"Furniture","Central","Oklahoma","May","477.2999877929688"
"Furniture","Central","Oklahoma","June","57.68999862670898"
"Furniture","Central","Oklahoma","July","1774.1000175476074"
"Furniture","Central","Oklahoma","October","1222.0199737548828"
"Furniture","Central","Oklahoma","November","1354.260025024414"
"Furniture","Central","South Dakota","January","141.9600067138672"
"Furniture","Central","South Dakota","July","182.94000244140625"
"Furniture","Central","Texas","January","4115.69698381424"
"Furniture","Central","Texas","February","2901.7423810958862"
"Furniture","Central","Texas","March","7827.04504108429"
"Furniture","Central","Texas","April","3677.645971417427"
"Furniture","Central","Texas","May","5039.355990409851"
"Furniture","Central","Texas","June","3703.6399688720703"
"Furniture","Central","Texas","July","3817.7149715423584"
"Furniture","Central","Texas","August","8350.763033866882"
"Furniture","Central","Texas","September","2739.618953943253"
"Furniture","Central","Texas","October","6017.270947933197"
"Furniture","Central","Texas","November","7846.67898273468"
"Furniture","Central","Texas","December","4556.124970436096"
"Furniture","Central","Wisconsin","January","2807.840087890625"
"Furniture","Central","Wisconsin","February","1454.9000244140625"
"Furniture","Central","Wisconsin","March","2003.2600574493408"
"Furniture","Central","Wisconsin","May","2026.179967880249"
"Furniture","Central","Wisconsin","July","498.759994506836"
"Furniture","Central","Wisconsin","August","5100.580001831055"
"Furniture","Central","Wisconsin","September","976.9600296020508"
"Furniture","Central","Wisconsin","November","1498.9399914741516"
"Furniture","Central","Wisconsin","December","889.1900100708008"
"Furniture","East","Connecticut","January","1830.8670043945312"
"Furniture","East","Connecticut","April","27.459999084472656"
"Furniture","East","Connecticut","May","1328.789981842041"
"Furniture","East","Connecticut","June","663.9800071716309"
"Furniture","East","Connecticut","July","70.55999755859375"
"Furniture","East","Connecticut","October","1043.9200439453125"
"Furniture","East","Connecticut","December","209.40999603271484"
"Furniture","East","Delaware","February","441.9599914550781"
"Furniture","East","Delaware","May","13.399999618530272"
"Furniture","East","Delaware","June","1552.7399597167969"
"Furniture","East","Delaware","July","310.4429931640625"
"Furniture","East","Delaware","August","346.5400047302246"
"Furniture","East","Delaware","October","291.1000061035156"
"Furniture","East","Delaware","November","1756.096007347107"
"Furniture","East","Delaware","December","47.040000915527344"
"Furniture","East","District of Columbia","April","1267.530029296875"
"Furniture","East","District of Columbia","May","41.369998931884766"
"Furniture","East","District of Columbia","December","37.68000030517578"
"Furniture","East","Maine","September","109.4800033569336"
"Furniture","East","Maryland","January","172.5"
"Furniture","East","Maryland","February","1035.4910306930542"
"Furniture","East","Maryland","March","1331.200002670288"
"Furniture","East","Maryland","April","1168.1720008850098"
"Furniture","East","Maryland","May","289.4199905395508"
"Furniture","East","Maryland","July","451.3699970245361"
"Furniture","East","Maryland","August","391.2800102233887"
"Furniture","East","Maryland","September","709.1200103759766"
"Furniture","East","Maryland","October","542.9400024414062"
"Furniture","East","Maryland","November","1277.8599452972412"
"Furniture","East","Maryland","December","1779.9000244140625"
"Furniture","East","Massachusetts","January","717.9190063476562"
"Furniture","East","Massachusetts","April","65.17999839782715"
"Furniture","East","Massachusetts","May","81.94000244140625"
"Furniture","East","Massachusetts","June","301.9599914550781"
"Furniture","East","Massachusetts","July","1066.5700073242188"
"Furniture","East","Massachusetts","August","1906.9750518798828"
"Furniture","East","Massachusetts","September","2758.60001373291"
"Furniture","East","Massachusetts","October","2047.339939117432"
"Furniture","East","Massachusetts","November","682.7379894256592"
"Furniture","East","Massachusetts","December","1289.8380012512207"
"Furniture","East","New Hampshire","January","322.5899963378906"
"Furniture","East","New Hampshire","March","102.3000030517578"
"Furniture","East","New Hampshire","May","387.3000030517578"
"Furniture","East","New Hampshire","December","1074.280035018921"
"Furniture","East","New Jersey","February","357.88999938964844"
"Furniture","East","New Jersey","April","582.5600004196167"
"Furniture","East","New Jersey","May","182.56599521636963"
"Furniture","East","New Jersey","June","121.95999908447266"
"Furniture","East","New Jersey","September","647.9000244140625"
"Furniture","East","New Jersey","October","699.4599914550781"
"Furniture","East","New Jersey","November","1263.5359992980957"
"Furniture","East","New Jersey","December","2451.1699028015137"
"Furniture","East","New York","January","4183.045978546143"
"Furniture","East","New York","February","6166.62607383728"
"Furniture","East","New York","March","8999.202947616577"
"Furniture","East","New York","April","3739.543986320496"
"Furniture","East","New York","May","3439.008988380432"
"Furniture","East","New York","June","5896.543984413147"
"Furniture","East","New York","July","6730.500047683716"
"Furniture","East","New York","August","3277.7140216827397"
"Furniture","East","New York","September","19916.381985664368"
"Furniture","East","New York","October","3260.34997177124"
"Furniture","East","New York","November","10504.220106124878"
"Furniture","East","New York","December","17259.595985412598"
"Furniture","East","Ohio","January","1225.145965576172"
"Furniture","East","Ohio","February","2008.4379987716677"
"Furniture","East","Ohio","March","1610.2330265045166"
"Furniture","East","Ohio","April","1838.6059894561768"
"Furniture","East","Ohio","May","788.4480133056641"
"Furniture","East","Ohio","June","1974.1180362701416"
"Furniture","East","Ohio","July","396.9200134277344"
"Furniture","East","Ohio","August","852.8960084915161"
"Furniture","East","Ohio","September","1540.849977493286"
"Furniture","East","Ohio","October","3202.33805847168"
"Furniture","East","Ohio","November","2550.6039752960205"
"Furniture","East","Ohio","December","6210.538021087647"
"Furniture","East","Pennsylvania","January","1605.706979751587"
"Furniture","East","Pennsylvania","February","3.312000036239624"
"Furniture","East","Pennsylvania","March","2601.661027908325"
"Furniture","East","Pennsylvania","April","968.6160154342653"
"Furniture","East","Pennsylvania","May","2871.6729893684387"
"Furniture","East","Pennsylvania","June","3368.977968931198"
"Furniture","East","Pennsylvania","July","1591.9339971542358"
"Furniture","East","Pennsylvania","August","8622.033935546875"
"Furniture","East","Pennsylvania","September","4607.349924087524"
"Furniture","East","Pennsylvania","October","1336.00799369812"
"Furniture","East","Pennsylvania","November","9320.317964553831"
"Furniture","East","Pennsylvania","December","2457.3289756774902"
"Furniture","East","Rhode Island","February","677.3200149536133"
"Furniture","East","Rhode Island","September","872.3200073242188"
"Furniture","East","Rhode Island","October","3147.33602142334"
"Furniture","East","Rhode Island","November","52.959999084472656"
"Furniture","East","Rhode Island","December","1168.8199920654297"
"Furniture","East","Vermont","July","715.2000122070312"
"Furniture","East","Vermont","August","4404.89990234375"
"Furniture","East","West Virginia","December","673.343994140625"
"Furniture","South","Alabama","February","10.15999984741211"
"Furniture","South","Alabama","July","367.5399866104126"
"Furniture","South","Alabama","August","1237.280044555664"
"Furniture","South","Alabama","September","2209.800018310547"
"Furniture","South","Alabama","October","545.8800048828125"
"Furniture","South","Alabama","December","1961.8199920654297"
"Furniture","South","Arkansas","January","1430.699932098389"
"Furniture","South","Arkansas","August","798.7400054931641"
"Furniture","South","Arkansas","October","605.3400268554688"
"Furniture","South","Arkansas","November","8.920000076293945"
"Furniture","South","Arkansas","December","343.8500061035156"
"Furniture","South","Florida","January","4777.821924209595"
"Furniture","South","Florida","March","2757.8020243644714"
"Furniture","South","Florida","April","595.1479978561401"
"Furniture","South","Florida","May","996.0640106201172"
"Furniture","South","Florida","June","756.3440017700195"
"Furniture","South","Florida","July","1573.2909779548645"
"Furniture","South","Florida","August","607.8669924736023"
"Furniture","South","Florida","September","1224.469985961914"
"Furniture","South","Florida","October","1142.9280290603638"
"Furniture","South","Florida","November","5982.661018371582"
"Furniture","South","Florida","December","2572.641989707947"
"Furniture","South","Georgia","January","69.76000118255615"
"Furniture","South","Georgia","February","411.7999877929688"
"Furniture","South","Georgia","March","84.14999771118164"
"Furniture","South","Georgia","April","988.3200073242188"
"Furniture","South","Georgia","May","2215.5399436950684"
"Furniture","South","Georgia","June","1294.2799854278564"
"Furniture","South","Georgia","July","145.33999633789062"
"Furniture","South","Georgia","August","597.7199859619141"
"Furniture","South","Georgia","September","1507.319969177246"
"Furniture","South","Georgia","October","18.84000015258789"
"Furniture","South","Georgia","November","259.5899963378906"
"Furniture","South","Georgia","December","728.8200073242188"
"Furniture","South","Kentucky","February","1293.999969482422"
"Furniture","South","Kentucky","March","1865.420030593872"
"Furniture","South","Kentucky","April","444.4400100708008"
"Furniture","South","Kentucky","May","191.82000732421875"
"Furniture","South","Kentucky","June","2875.780059814453"
"Furniture","South","Kentucky","July","445.67001152038574"
"Furniture","South","Kentucky","August","993.8999938964844"
"Furniture","South","Kentucky","September","13.279999732971191"
"Furniture","South","Kentucky","October","379.0900020599365"
"Furniture","South","Kentucky","November","1551.4200267791748"
"Furniture","South","Kentucky","December","2072.019989013672"
"Furniture","South","Louisiana","April","51.959999084472656"
"Furniture","South","Louisiana","May","249.97000694274905"
"Furniture","South","Louisiana","June","247.12000846862796"
"Furniture","South","Louisiana","September","517.5"
"Furniture","South","Louisiana","October","1634.4400177001953"
"Furniture","South","Louisiana","November","29.15999984741211"
"Furniture","South","Louisiana","December","232.8800048828125"
"Furniture","South","Mississippi","March","86.44999694824219"
"Furniture","South","Mississippi","June","85.9800033569336"
"Furniture","South","Mississippi","July","3120.560073852539"
"Furniture","South","Mississippi","August","866.4000244140625"
"Furniture","South","Mississippi","December","158.46000480651855"
"Furniture","South","North Carolina","January","5122.9521226882935"
"Furniture","South","North Carolina","February","1248.1179962158203"
"Furniture","South","North Carolina","March","1433.3400039672852"
"Furniture","South","North Carolina","April","1648.943967819214"
"Furniture","South","North Carolina","May","379.9920015335083"
"Furniture","South","North Carolina","June","804.3519859313965"
"Furniture","South","North Carolina","July","955.884033203125"
"Furniture","South","North Carolina","August","230.0080051422119"
"Furniture","South","North Carolina","September","322.4799976348877"
"Furniture","South","North Carolina","October","180.54400634765625"
"Furniture","South","North Carolina","November","2828.864028930664"
"Furniture","South","South Carolina","January","673.8899993896484"
"Furniture","South","South Carolina","May","301.9599914550781"
"Furniture","South","South Carolina","September","1690.0400390625"
"Furniture","South","South Carolina","October","14.760000228881836"
"Furniture","South","South Carolina","November","397.6000061035156"
"Furniture","South","Tennessee","January","370.6199951171875"
"Furniture","South","Tennessee","February","2906.608124732971"
"Furniture","South","Tennessee","March","492.3700094223023"
"Furniture","South","Tennessee","April","2034.767951965332"
"Furniture","South","Tennessee","May","473.25599098205566"
"Furniture","South","Tennessee","June","947.007984161377"
"Furniture","South","Tennessee","August","625.9840145111084"
"Furniture","South","Tennessee","September","94.10999870300292"
"Furniture","South","Tennessee","October","2203.850006103516"
"Furniture","South","Tennessee","November","1482.8479843139648"
"Furniture","South","Tennessee","December","1875.316005706787"
"Furniture","South","Virginia","January","75.23999977111816"
"Furniture","South","Virginia","February","898.3300151824951"
"Furniture","South","Virginia","March","1559.900047302246"
"Furniture","South","Virginia","April","2022.1399993896484"
"Furniture","South","Virginia","May","5819.01993560791"
"Furniture","South","Virginia","June","857.7600059509277"
"Furniture","South","Virginia","July","1267.060002326965"
"Furniture","South","Virginia","August","1918.8399257659912"
"Furniture","South","Virginia","September","2608.1000328063965"
"Furniture","South","Virginia","October","1392.110019683838"
"Furniture","South","Virginia","November","1407.3299713134766"
"Furniture","South","Virginia","December","5496.120002746582"
"Furniture","West","Arizona","January","181.47000122070312"
"Furniture","West","Arizona","February","455.61400604248047"
"Furniture","West","Arizona","March","552.5039825439453"
"Furniture","West","Arizona","April","2355.982015609741"
"Furniture","West","Arizona","June","1312.4640202522278"
"Furniture","West","Arizona","July","2763.4809799194336"
"Furniture","West","Arizona","August","241.95199584960935"
"Furniture","West","Arizona","September","636.6480026245117"
"Furniture","West","Arizona","October","1253.9280014038086"
"Furniture","West","Arizona","November","682.7389984130859"
"Furniture","West","Arizona","December","3088.509009361267"
"Furniture","West","California","January","12227.350803375244"
"Furniture","West","California","February","6016.021083831787"
"Furniture","West","California","March","12982.36498451233"
"Furniture","West","California","April","11650.2149848938"
"Furniture","West","California","May","10238.095968723295"
"Furniture","West","California","June","7613.293970108032"
"Furniture","West","California","July","9844.051879405975"
"Furniture","West","California","August","18248.710071086884"
"Furniture","West","California","September","15544.880973815918"
"Furniture","West","California","October","11980.589959144592"
"Furniture","West","California","November","17730.204827308655"
"Furniture","West","California","December","21988.82111597061"
"Furniture","West","Colorado","February","1657.7360076904297"
"Furniture","West","Colorado","March","347.3319969177246"
"Furniture","West","Colorado","April","1337.42400932312"
"Furniture","West","Colorado","May","891.5589904785156"
"Furniture","West","Colorado","June","749.4879760742188"
"Furniture","West","Colorado","July","1398.3599853515625"
"Furniture","West","Colorado","August","788.1840085983276"
"Furniture","West","Colorado","September","332.5639972686768"
"Furniture","West","Colorado","October","2141.0359964370728"
"Furniture","West","Colorado","November","1564.525993347168"
"Furniture","West","Colorado","December","2034.8279829025269"
"Furniture","West","Idaho","May","35"
"Furniture","West","Idaho","June","41.959999084472656"
"Furniture","West","Idaho","September","1483.75"
"Furniture","West","Idaho","October","338.3519897460937"
"Furniture","West","Idaho","November","696.4199829101562"
"Furniture","West","Montana","November","63.97999954223633"
"Furniture","West","Nevada","April","196.4499969482422"
"Furniture","West","Nevada","May","1685.8800048828125"
"Furniture","West","Nevada","July","808.3619842529297"
"Furniture","West","Nevada","August","14.5600004196167"
"Furniture","West","Nevada","September","37.400001525878906"
"Furniture","West","Nevada","October","1669.5999755859375"
"Furniture","West","Nevada","November","222.92000579833984"
"Furniture","West","New Mexico","March","587.2199745178223"
"Furniture","West","New Mexico","November","1114.1920318603516"
"Furniture","West","Oregon","February","506.29600715637207"
"Furniture","West","Oregon","April","755.135986328125"
"Furniture","West","Oregon","May","371.0539979934693"
"Furniture","West","Oregon","June","275.489990234375"
"Furniture","West","Oregon","July","230.27999877929688"
"Furniture","West","Oregon","September","481.8040008544922"
"Furniture","West","Oregon","October","2142.745056152344"
"Furniture","West","Oregon","November","599.0560150146484"
"Furniture","West","Oregon","December","976.2690200805664"
"Furniture","West","Utah","February","73.31999969482422"
"Furniture","West","Utah","May","1406.8599853515625"
"Furniture","West","Utah","July","25.15999984741211"
"Furniture","West","Utah","August","66.69000244140625"
"Furniture","West","Utah","September","3250.3199462890625"
"Furniture","West","Washington","January","8666.48819732666"
"Furniture","West","Washington","February","1327.0120239257812"
"Furniture","West","Washington","March","5486.287956237793"
"Furniture","West","Washington","April","549.6400127410889"
"Furniture","West","Washington","May","585.2679996490479"
"Furniture","West","Washington","June","5897.2940311431885"
"Furniture","West","Washington","July","3859.2619857788086"
"Furniture","West","Washington","August","6010.46794128418"
"Furniture","West","Washington","September","3660.8160676956177"
"Furniture","West","Washington","October","2500.7500171661377"
"Furniture","West","Washington","November","5191.123945713043"
"Furniture","West","Washington","December","4285.737986087799"
"Furniture","West","Wyoming","July","1603.1400146484375"
"Office Supplies","Central","Illinois","January","550.6399835348129"
"Office Supplies","Central","Illinois","February","1159.7399963140488"
"Office Supplies","Central","Illinois","March","942.581995010376"
"Office Supplies","Central","Illinois","April","1446.6020011901855"
"Office Supplies","Central","Illinois","May","2434.339994668961"
"Office Supplies","Central","Illinois","June","1022.6279901862144"
"Office Supplies","Central","Illinois","July","3894.045982837677"
"Office Supplies","Central","Illinois","August","422.5320063829422"
"Office Supplies","Central","Illinois","September","1775.7160336971283"
"Office Supplies","Central","Illinois","October","2438.963978767395"
"Office Supplies","Central","Illinois","November","2258.3800201416016"
"Office Supplies","Central","Illinois","December","1561.7340129613876"
"Office Supplies","Central","Indiana","January","3168.3699712753296"
"Office Supplies","Central","Indiana","February","948.8299751281738"
"Office Supplies","Central","Indiana","March","403.3399958610535"
"Office Supplies","Central","Indiana","April","367.7299957275391"
"Office Supplies","Central","Indiana","May","3048.14000749588"
"Office Supplies","Central","Indiana","June","386.3399963378906"
"Office Supplies","Central","Indiana","July","418.8099918365479"
"Office Supplies","Central","Indiana","August","650.0899801254272"
"Office Supplies","Central","Indiana","September","413.9500045776367"
"Office Supplies","Central","Indiana","October","1946.579978942871"
"Office Supplies","Central","Indiana","November","1602.859983444214"
"Office Supplies","Central","Indiana","December","2380.3599648475647"
"Office Supplies","Central","Iowa","January","219.9299964904785"
"Office Supplies","Central","Iowa","February","115.83999633789062"
"Office Supplies","Central","Iowa","March","109.3199987411499"
"Office Supplies","Central","Iowa","June","106.31999969482422"
"Office Supplies","Central","Iowa","September","51.1299991607666"
"Office Supplies","Central","Iowa","November","129.37999725341797"
"Office Supplies","Central","Iowa","December","51.230000019073486"
"Office Supplies","Central","Kansas","January","279.8999938964844"
"Office Supplies","Central","Kansas","February","46.02000045776367"
"Office Supplies","Central","Kansas","May","257.14000129699707"
"Office Supplies","Central","Kansas","June","18.899999618530277"
"Office Supplies","Central","Kansas","July","373.9400053024292"
"Office Supplies","Central","Kansas","August","21.110000133514404"
"Office Supplies","Central","Kansas","November","185.29000091552732"
"Office Supplies","Central","Kansas","December","771.849983215332"
"Office Supplies","Central","Michigan","January","7656.525938749313"
"Office Supplies","Central","Michigan","February","549.6500043869019"
"Office Supplies","Central","Michigan","March","22.77999973297119"
"Office Supplies","Central","Michigan","April","5152.917963027954"
"Office Supplies","Central","Michigan","May","2729.579991340637"
"Office Supplies","Central","Michigan","June","574.5099973678589"
"Office Supplies","Central","Michigan","July","1613.913988113403"
"Office Supplies","Central","Michigan","August","520.2790031433105"
"Office Supplies","Central","Michigan","September","1488.0419919490814"
"Office Supplies","Central","Michigan","October","1569.0199682712555"
"Office Supplies","Central","Michigan","November","5023.019994258881"
"Office Supplies","Central","Michigan","December","10823.520222902298"
"Office Supplies","Central","Minnesota","January","1813.6100015640257"
"Office Supplies","Central","Minnesota","February","90.63999938964844"
"Office Supplies","Central","Minnesota","March","2249.0999870300293"
"Office Supplies","Central","Minnesota","April","625.0899753570557"
"Office Supplies","Central","Minnesota","May","412.55000352859497"
"Office Supplies","Central","Minnesota","June","1303.2800035476685"
"Office Supplies","Central","Minnesota","July","735.97998046875"
"Office Supplies","Central","Minnesota","August","181.9000024795532"
"Office Supplies","Central","Minnesota","September","9928.61019039154"
"Office Supplies","Central","Minnesota","October","1667.010028839111"
"Office Supplies","Central","Minnesota","November","343.05000400543213"
"Office Supplies","Central","Minnesota","December","55.71999931335449"
"Office Supplies","Central","Missouri","January","4528.989805221558"
"Office Supplies","Central","Missouri","February","960.7400074005128"
"Office Supplies","Central","Missouri","March","25.920000076293945"
"Office Supplies","Central","Missouri","April","111.27999877929688"
"Office Supplies","Central","Missouri","May","760.6099843978882"
"Office Supplies","Central","Missouri","June","54.47999954223633"
"Office Supplies","Central","Missouri","July","2248.449957370758"
"Office Supplies","Central","Missouri","August","11.5600004196167"
"Office Supplies","Central","Missouri","September","60.77999877929688"
"Office Supplies","Central","Missouri","October","2408.8199758529663"
"Office Supplies","Central","Missouri","November","141.44000053405762"
"Office Supplies","Central","Missouri","December","869.109992980957"
"Office Supplies","Central","Nebraska","January","158.75"
"Office Supplies","Central","Nebraska","April","46.47999954223633"
"Office Supplies","Central","Nebraska","May","23.549999237060547"
"Office Supplies","Central","Nebraska","June","35.429999351501465"
"Office Supplies","Central","Nebraska","September","1022.8399863243104"
"Office Supplies","Central","Nebraska","October","34.5"
"Office Supplies","Central","Nebraska","December","912.9399929046632"
"Office Supplies","Central","North Dakota","May","891.5300121307373"
"Office Supplies","Central","North Dakota","December","28.37999963760376"
"Office Supplies","Central","Oklahoma","February","19.669999599456787"
"Office Supplies","Central","Oklahoma","March","419.2799863815308"
"Office Supplies","Central","Oklahoma","June","504.2699942588806"
"Office Supplies","Central","Oklahoma","July","316.9499979019165"
"Office Supplies","Central","Oklahoma","August","10.5600004196167"
"Office Supplies","Central","Oklahoma","September","12.860000133514404"
"Office Supplies","Central","Oklahoma","October","1804.5300207138064"
"Office Supplies","Central","Oklahoma","November","1931.920033454895"
"Office Supplies","Central","Oklahoma","December","10.800000190734863"
"Office Supplies","Central","South Dakota","January","10.68000030517578"
"Office Supplies","Central","South Dakota","July","561.5400085449219"
"Office Supplies","Central","South Dakota","November","25.5"
"Office Supplies","Central","Texas","January","1242.254000902176"
"Office Supplies","Central","Texas","February","1570.5140136480331"
"Office Supplies","Central","Texas","March","6520.550055384636"
"Office Supplies","Central","Texas","April","3100.0699409246445"
"Office Supplies","Central","Texas","May","2520.5600212812424"
"Office Supplies","Central","Texas","June","3599.1800007224083"
"Office Supplies","Central","Texas","July","4965.832081317902"
"Office Supplies","Central","Texas","August","6558.800088047981"
"Office Supplies","Central","Texas","September","3119.109994828701"
"Office Supplies","Central","Texas","October","1373.39400100708"
"Office Supplies","Central","Texas","November","5792.097906947136"
"Office Supplies","Central","Texas","December","4128.165964245796"
"Office Supplies","Central","Wisconsin","January","50.239999294281006"
"Office Supplies","Central","Wisconsin","February","557.2100071907043"
"Office Supplies","Central","Wisconsin","March","127.89999961853027"
"Office Supplies","Central","Wisconsin","April","330.1499938964844"
"Office Supplies","Central","Wisconsin","May","1397.509967327118"
"Office Supplies","Central","Wisconsin","July","511.5000123977661"
"Office Supplies","Central","Wisconsin","August","1499.050004005432"
"Office Supplies","Central","Wisconsin","September","278.6399965286255"
"Office Supplies","Central","Wisconsin","October","60.71999931335449"
"Office Supplies","Central","Wisconsin","November","1001.60000705719"
"Office Supplies","Central","Wisconsin","December","245.32000160217285"
"Office Supplies","East","Connecticut","January","111.04000234603882"
"Office Supplies","East","Connecticut","February","872.7900147438049"
"Office Supplies","East","Connecticut","March","793.8799982070923"
"Office Supplies","East","Connecticut","April","73.07999992370605"
"Office Supplies","East","Connecticut","May","810.1699995994568"
"Office Supplies","East","Connecticut","June","69.89000034332275"
"Office Supplies","East","Connecticut","July","24.689999103546143"
"Office Supplies","East","Connecticut","August","664.8999853134155"
"Office Supplies","East","Connecticut","September","1061.3800020217896"
"Office Supplies","East","Connecticut","October","872.2000041007996"
"Office Supplies","East","Connecticut","November","64.3199987411499"
"Office Supplies","East","Delaware","February","300.9199981689453"
"Office Supplies","East","Delaware","March","646.8399887084961"
"Office Supplies","East","Delaware","May","878.2199988365173"
"Office Supplies","East","Delaware","June","15.12999963760376"
"Office Supplies","East","Delaware","July","1172.6700134277344"
"Office Supplies","East","Delaware","August","233.21999740600583"
"Office Supplies","East","Delaware","September","55.46000003814697"
"Office Supplies","East","Delaware","October","7.920000076293945"
"Office Supplies","East","Delaware","November","3934.370071411133"
"Office Supplies","East","Delaware","December","884.7799873352051"
"Office Supplies","East","District of Columbia","April","22.739999771118164"
"Office Supplies","East","District of Columbia","May","75.69999885559082"
"Office Supplies","East","District of Columbia","December","40.08000183105469"
"Office Supplies","East","Maine","April","361.69998931884766"
"Office Supplies","East","Maine","June","38.10000038146973"
"Office Supplies","East","Maryland","February","2779.75998878479"
"Office Supplies","East","Maryland","March","1347.3900089263916"
"Office Supplies","East","Maryland","April","559.8499855995178"
"Office Supplies","East","Maryland","May","371.0699965953827"
"Office Supplies","East","Maryland","July","321.27000284194946"
"Office Supplies","East","Maryland","August","277.3999938964844"
"Office Supplies","East","Maryland","September","3582.830008506775"
"Office Supplies","East","Maryland","October","249.1100006103516"
"Office Supplies","East","Maryland","November","45.43999922275543"
"Office Supplies","East","Maryland","December","856.1099863052368"
"Office Supplies","East","Massachusetts","January","2451.0300183296204"
"Office Supplies","East","Massachusetts","February","317.0899848937988"
"Office Supplies","East","Massachusetts","March","64.23999977111816"
"Office Supplies","East","Massachusetts","April","6.480000019073486"
"Office Supplies","East","Massachusetts","May","711.6799907684326"
"Office Supplies","East","Massachusetts","June","819.8199844360352"
"Office Supplies","East","Massachusetts","July","24.77999973297119"
"Office Supplies","East","Massachusetts","August","1418.0399775505066"
"Office Supplies","East","Massachusetts","September","2197.4699788093567"
"Office Supplies","East","Massachusetts","October","489.74000453948975"
"Office Supplies","East","Massachusetts","November","589.4799938201904"
"Office Supplies","East","Massachusetts","December","2898.8900480270386"
"Office Supplies","East","New Hampshire","February","35.880001068115234"
"Office Supplies","East","New Hampshire","March","873.1200065612793"
"Office Supplies","East","New Hampshire","April","14.81999969482422"
"Office Supplies","East","New Hampshire","May","71.79999923706055"
"Office Supplies","East","New Hampshire","June","252.5200042724609"
"Office Supplies","East","New Hampshire","August","27.93000030517578"
"Office Supplies","East","New Hampshire","September","136.02000427246094"
"Office Supplies","East","New Hampshire","October","327.2599925994873"
"Office Supplies","East","New Hampshire","December","29.899999618530277"
"Office Supplies","East","New Jersey","January","525.9300150871277"
"Office Supplies","East","New Jersey","February","616.5500030517578"
"Office Supplies","East","New Jersey","March","14.699999809265137"
"Office Supplies","East","New Jersey","April","30.209999084472656"
"Office Supplies","East","New Jersey","May","1026.70001411438"
"Office Supplies","East","New Jersey","June","575.0399839878082"
"Office Supplies","East","New Jersey","July","277.4999976158142"
"Office Supplies","East","New Jersey","August","2731.35005569458"
"Office Supplies","East","New Jersey","September","254.78999614715576"
"Office Supplies","East","New Jersey","October","1670.0899930000303"
"Office Supplies","East","New Jersey","November","4939.570122718811"
"Office Supplies","East","New Jersey","December","2293.679988861084"
"Office Supplies","East","New York","January","7401.455942869186"
"Office Supplies","East","New York","February","2677.7079858779907"
"Office Supplies","East","New York","March","7009.71194601059"
"Office Supplies","East","New York","April","3562.2719970941544"
"Office Supplies","East","New York","May","5931.105952978134"
"Office Supplies","East","New York","June","13517.667917132378"
"Office Supplies","East","New York","July","2348.369991540909"
"Office Supplies","East","New York","August","10974.237857818604"
"Office Supplies","East","New York","September","10503.155943155289"
"Office Supplies","East","New York","October","5006.608071804047"
"Office Supplies","East","New York","November","13340.700079202652"
"Office Supplies","East","New York","December","7747.064093589783"
"Office Supplies","East","Ohio","January","165.7319974899292"
"Office Supplies","East","Ohio","February","833.6910092830658"
"Office Supplies","East","Ohio","March","857.6119999885559"
"Office Supplies","East","Ohio","April","2355.1369984149933"
"Office Supplies","East","Ohio","May","1125.328004360199"
"Office Supplies","East","Ohio","June","327.0559985637665"
"Office Supplies","East","Ohio","July","1180.386010169983"
"Office Supplies","East","Ohio","August","2963.710965156555"
"Office Supplies","East","Ohio","September","2300.596036672592"
"Office Supplies","East","Ohio","October","1701.6160202026367"
"Office Supplies","East","Ohio","November","2876.245972752571"
"Office Supplies","East","Ohio","December","1695.89199924469"
"Office Supplies","East","Pennsylvania","January","2583.989018201828"
"Office Supplies","East","Pennsylvania","February","947.4710199832916"
"Office Supplies","East","Pennsylvania","March","4152.440956354141"
"Office Supplies","East","Pennsylvania","April","1328.458013296127"
"Office Supplies","East","Pennsylvania","May","4057.848973751068"
"Office Supplies","East","Pennsylvania","June","2165.1180114746094"
"Office Supplies","East","Pennsylvania","July","2727.385005950928"
"Office Supplies","East","Pennsylvania","August","3382.6420097351074"
"Office Supplies","East","Pennsylvania","September","8714.169200181961"
"Office Supplies","East","Pennsylvania","October","1789.2349951267242"
"Office Supplies","East","Pennsylvania","November","1652.3490023612976"
"Office Supplies","East","Pennsylvania","December","1440.6079940795898"
"Office Supplies","East","Rhode Island","February","2087.7999019622803"
"Office Supplies","East","Rhode Island","April","149.49999809265137"
"Office Supplies","East","Rhode Island","May","163.4099998474121"
"Office Supplies","East","Rhode Island","June","117.82999992370604"
"Office Supplies","East","Rhode Island","July","56.85999870300293"
"Office Supplies","East","Rhode Island","August","648.4599885940552"
"Office Supplies","East","Rhode Island","September","1742.3199768066406"
"Office Supplies","East","Rhode Island","October","202.06999945640564"
"Office Supplies","East","Rhode Island","December","1066.5399713516235"
"Office Supplies","East","Vermont","January","2209.510039329529"
"Office Supplies","East","West Virginia","June","536.4799976348877"
"Office Supplies","South","Alabama","January","22.63000011444092"
"Office Supplies","South","Alabama","February","14.9399995803833"
"Office Supplies","South","Alabama","March","518.489987373352"
"Office Supplies","South","Alabama","April","489.7199897766113"
"Office Supplies","South","Alabama","May","250.9400029182434"
"Office Supplies","South","Alabama","June","110.06000328063963"
"Office Supplies","South","Alabama","July","98.45999908447266"
"Office Supplies","South","Alabama","September","1002.0200157165528"
"Office Supplies","South","Alabama","October","275.9700012207031"
"Office Supplies","South","Alabama","November","288.20000433921814"
"Office Supplies","South","Alabama","December","1137.6499752998352"
"Office Supplies","South","Arkansas","January","193.4499979019165"
"Office Supplies","South","Arkansas","February","1793.97998046875"
"Office Supplies","South","Arkansas","April","361.4200019836426"
"Office Supplies","South","Arkansas","June","148.70999813079834"
"Office Supplies","South","Arkansas","August","200.74999618530276"
"Office Supplies","South","Arkansas","September","704.9200220108032"
"Office Supplies","South","Arkansas","October","199.17000484466556"
"Office Supplies","South","Arkansas","November","13.549999713897703"
"Office Supplies","South","Arkansas","December","949.379991531372"
"Office Supplies","South","Florida","January","303.75599431991577"
"Office Supplies","South","Florida","February","610.5379934310913"
"Office Supplies","South","Florida","March","1241.4740071296692"
"Office Supplies","South","Florida","April","212.91799974441528"
"Office Supplies","South","Florida","May","1473.367980480194"
"Office Supplies","South","Florida","June","301.2169985771179"
"Office Supplies","South","Florida","July","1555.9919793605804"
"Office Supplies","South","Florida","August","1905.400039672852"
"Office Supplies","South","Florida","September","1182.2299926280975"
"Office Supplies","South","Florida","October","3435.239023685456"
"Office Supplies","South","Florida","November","4660.83397603035"
"Office Supplies","South","Florida","December","2635.656980395317"
"Office Supplies","South","Georgia","January","1470.559991836548"
"Office Supplies","South","Georgia","February","1797.339982032776"
"Office Supplies","South","Georgia","March","6690.6401970386505"
"Office Supplies","South","Georgia","April","1000.3999915122986"
"Office Supplies","South","Georgia","May","3224.7800245285034"
"Office Supplies","South","Georgia","June","525.1999945640564"
"Office Supplies","South","Georgia","July","296.4900016784668"
"Office Supplies","South","Georgia","August","4618.500005245209"
"Office Supplies","South","Georgia","September","1092.4200105667114"
"Office Supplies","South","Georgia","October","114.25000047683716"
"Office Supplies","South","Georgia","November","4163.120067119598"
"Office Supplies","South","Georgia","December","1722.1099841594696"
"Office Supplies","South","Kentucky","January","75.159996509552"
"Office Supplies","South","Kentucky","February","1648.9799399375916"
"Office Supplies","South","Kentucky","March","430.8599953651428"
"Office Supplies","South","Kentucky","April","2110.9700236320496"
"Office Supplies","South","Kentucky","May","1126.1600098609924"
"Office Supplies","South","Kentucky","June","839.5599851608276"
"Office Supplies","South","Kentucky","July","423.7699966430664"
"Office Supplies","South","Kentucky","August","181.70999908447263"
"Office Supplies","South","Kentucky","September","852.6699962615967"
"Office Supplies","South","Kentucky","October","691.6500034332275"
"Office Supplies","South","Kentucky","November","2758.24991607666"
"Office Supplies","South","Kentucky","December","754.5299923419952"
"Office Supplies","South","Louisiana","January","640.5200152397156"
"Office Supplies","South","Louisiana","March","87.27999877929688"
"Office Supplies","South","Louisiana","April","282.89000415802"
"Office Supplies","South","Louisiana","May","3.890000104904175"
"Office Supplies","South","Louisiana","July","73.19999694824219"
"Office Supplies","South","Louisiana","August","17.34000015258789"
"Office Supplies","South","Louisiana","October","36.98999977111816"
"Office Supplies","South","Louisiana","November","602.4700088500977"
"Office Supplies","South","Louisiana","December","1678.5799951553345"
"Office Supplies","South","Mississippi","January","31.36000061035156"
"Office Supplies","South","Mississippi","February","264.17999267578125"
"Office Supplies","South","Mississippi","March","468.94000911712646"
"Office Supplies","South","Mississippi","May","1420.0499906539917"
"Office Supplies","South","Mississippi","June","306.20001220703125"
"Office Supplies","South","Mississippi","July","814.0500130653381"
"Office Supplies","South","Mississippi","August","23.34000015258789"
"Office Supplies","South","Mississippi","October","57.52000045776367"
"Office Supplies","South","Mississippi","November","173.8000030517578"
"Office Supplies","South","Mississippi","December","71.71999931335449"
"Office Supplies","South","North Carolina","January","784.5360054969788"
"Office Supplies","South","North Carolina","February","491.3409926891327"
"Office Supplies","South","North Carolina","March","1971.4690022468567"
"Office Supplies","South","North Carolina","April","777.980010509491"
"Office Supplies","South","North Carolina","May","235.2599973678589"
"Office Supplies","South","North Carolina","June","1488.6889967918396"
"Office Supplies","South","North Carolina","July","1568.4339981079102"
"Office Supplies","South","North Carolina","August","1152.443016052246"
"Office Supplies","South","North Carolina","September","2013.4840035438535"
"Office Supplies","South","North Carolina","October","2149.144947528839"
"Office Supplies","South","North Carolina","November","726.3399869203568"
"Office Supplies","South","North Carolina","December","1005.4419736862184"
"Office Supplies","South","South Carolina","January","85.5"
"Office Supplies","South","South Carolina","March","59.47999954223633"
"Office Supplies","South","South Carolina","April","354.8999938964844"
"Office Supplies","South","South Carolina","May","186.69000244140625"
"Office Supplies","South","South Carolina","June","191.8800048828125"
"Office Supplies","South","South Carolina","July","246.17000007629397"
"Office Supplies","South","South Carolina","September","2178.9100131988525"
"Office Supplies","South","South Carolina","October","11.850000381469728"
"Office Supplies","South","South Carolina","November","472.5799951553345"
"Office Supplies","South","South Carolina","December","23.8799991607666"
"Office Supplies","South","Tennessee","January","230.68599772453308"
"Office Supplies","South","Tennessee","February","98.82800102233888"
"Office Supplies","South","Tennessee","March","1114.037991523743"
"Office Supplies","South","Tennessee","April","2193.040046930313"
"Office Supplies","South","Tennessee","May","474.1290054321289"
"Office Supplies","South","Tennessee","June","395.1570038795471"
"Office Supplies","South","Tennessee","July","81.56800079345703"
"Office Supplies","South","Tennessee","August","2040.159961938858"
"Office Supplies","South","Tennessee","September","3437.2290618419647"
"Office Supplies","South","Tennessee","October","277.58399200439453"
"Office Supplies","South","Tennessee","November","1317.3470249176023"
"Office Supplies","South","Tennessee","December","688.0880026817322"
"Office Supplies","South","Virginia","January","3105.170057296753"
"Office Supplies","South","Virginia","February","282.0300040245056"
"Office Supplies","South","Virginia","March","893.270012140274"
"Office Supplies","South","Virginia","April","1248.479995250702"
"Office Supplies","South","Virginia","May","7508.409737586975"
"Office Supplies","South","Virginia","June","1264.0900115966797"
"Office Supplies","South","Virginia","July","1034.1399955749512"
"Office Supplies","South","Virginia","August","1439.5799741744995"
"Office Supplies","South","Virginia","September","616.8899974822998"
"Office Supplies","South","Virginia","October","1354.1000227928162"
"Office Supplies","South","Virginia","November","1268.5999813079834"
"Office Supplies","South","Virginia","December","1154.850022315979"
"Office Supplies","West","Arizona","January","263.7659993171692"
"Office Supplies","West","Arizona","February","295.93199729919434"
"Office Supplies","West","Arizona","March","325.2959976196289"
"Office Supplies","West","Arizona","April","440.6690149307251"
"Office Supplies","West","Arizona","May","1536.2420239448547"
"Office Supplies","West","Arizona","June","788.5510034561157"
"Office Supplies","West","Arizona","July","431.985990524292"
"Office Supplies","West","Arizona","August","658.5539789199829"
"Office Supplies","West","Arizona","September","1486.549008846283"
"Office Supplies","West","Arizona","October","569.1929996013641"
"Office Supplies","West","Arizona","November","1311.1879923343658"
"Office Supplies","West","Arizona","December","1897.8949637413025"
"Office Supplies","West","California","January","5517.051923274994"
"Office Supplies","West","California","February","8412.891998291016"
"Office Supplies","West","California","March","19039.13970899582"
"Office Supplies","West","California","April","7792.290039777756"
"Office Supplies","West","California","May","6617.385983228684"
"Office Supplies","West","California","June","9429.81996679306"
"Office Supplies","West","California","July","16041.183833122252"
"Office Supplies","West","California","August","14556.254041910172"
"Office Supplies","West","California","September","13012.772061109545"
"Office Supplies","West","California","October","17561.211983203888"
"Office Supplies","West","California","November","11152.374053239822"
"Office Supplies","West","California","December","13219.570044517515"
"Office Supplies","West","Colorado","January","389.1589879989624"
"Office Supplies","West","Colorado","February","182.9840030670166"
"Office Supplies","West","Colorado","March","1406.083999156952"
"Office Supplies","West","Colorado","April","406.263995885849"
"Office Supplies","West","Colorado","May","989.895025730133"
"Office Supplies","West","Colorado","June","244.02200436592105"
"Office Supplies","West","Colorado","July","933.4800016880037"
"Office Supplies","West","Colorado","August","758.2659950256348"
"Office Supplies","West","Colorado","September","1006.2160149812698"
"Office Supplies","West","Colorado","October","722.7440192699432"
"Office Supplies","West","Colorado","November","552.8379981517792"
"Office Supplies","West","Colorado","December","306.80399560928345"
"Office Supplies","West","Idaho","March","34.68000030517578"
"Office Supplies","West","Idaho","May","477.1499938964844"
"Office Supplies","West","Idaho","June","265.7799949645996"
"Office Supplies","West","Idaho","July","3.303999900817871"
"Office Supplies","West","Idaho","September","20.416000366210938"
"Office Supplies","West","Idaho","October","117.28000068664552"
"Office Supplies","West","Idaho","November","9.583999633789062"
"Office Supplies","West","Idaho","December","21.312000274658203"
"Office Supplies","West","Montana","January","1233.0900211334229"
"Office Supplies","West","Montana","July","6.0960001945495605"
"Office Supplies","West","Montana","August","8.288000106811523"
"Office Supplies","West","Montana","September","39.900001525878906"
"Office Supplies","West","Montana","November","87.08000183105469"
"Office Supplies","West","Montana","December","487.9840087890625"
"Office Supplies","West","Nevada","January","44.79000186920166"
"Office Supplies","West","Nevada","May","78.91600179672241"
"Office Supplies","West","Nevada","June","1423.0619750022888"
"Office Supplies","West","Nevada","July","86.19999694824219"
"Office Supplies","West","Nevada","September","142.78399848937988"
"Office Supplies","West","Nevada","October","4764.43998336792"
"Office Supplies","West","Nevada","November","123.0479965209961"
"Office Supplies","West","Nevada","December","293.6880042552948"
"Office Supplies","West","New Mexico","February","49.119998931884766"
"Office Supplies","West","New Mexico","March","424.3999938964844"
"Office Supplies","West","New Mexico","April","12.880000114440918"
"Office Supplies","West","New Mexico","June","228.2800045013428"
"Office Supplies","West","New Mexico","September","45.65999984741211"
"Office Supplies","West","New Mexico","October","255.8500061035156"
"Office Supplies","West","New Mexico","November","47.45599937438965"
"Office Supplies","West","New Mexico","December","320.5360035896301"
"Office Supplies","West","Oregon","January","516.6640119552612"
"Office Supplies","West","Oregon","February","212.5259952545166"
"Office Supplies","West","Oregon","March","81.38700008392334"
"Office Supplies","West","Oregon","April","842.9400177001953"
"Office Supplies","West","Oregon","June","227.7540044784546"
"Office Supplies","West","Oregon","July","289.8879947662353"
"Office Supplies","West","Oregon","August","154.14399909973145"
"Office Supplies","West","Oregon","September","539.797992348671"
"Office Supplies","West","Oregon","October","1375.6530332565308"
"Office Supplies","West","Oregon","November","792.9180164337158"
"Office Supplies","West","Oregon","December","237.79199981689453"
"Office Supplies","West","Utah","February","79.24799919128418"
"Office Supplies","West","Utah","March","209.62000560760495"
"Office Supplies","West","Utah","April","1726.073989868164"
"Office Supplies","West","Utah","May","442.7500076293945"
"Office Supplies","West","Utah","June","4.960000038146973"
"Office Supplies","West","Utah","July","129.33000087738037"
"Office Supplies","West","Utah","August","292.3800039291382"
"Office Supplies","West","Utah","September","784.2199945449829"
"Office Supplies","West","Utah","October","230.79999923706052"
"Office Supplies","West","Utah","November","188.42000198364255"
"Office Supplies","West","Washington","January","2001.0099880695343"
"Office Supplies","West","Washington","February","566.347996711731"
"Office Supplies","West","Washington","March","2723.3560061454773"
"Office Supplies","West","Washington","April","1101.4999814033508"
"Office Supplies","West","Washington","May","2457.5340263843536"
"Office Supplies","West","Washington","June","3909.8118801116943"
"Office Supplies","West","Washington","July","1248.6139814853668"
"Office Supplies","West","Washington","August","7120.422039031982"
"Office Supplies","West","Washington","September","5173.64999461174"
"Office Supplies","West","Washington","October","2316.3479858636856"
"Office Supplies","West","Washington","November","7794.619869709015"
"Office Supplies","West","Washington","December","3671.192051410675"
"Technology","Central","Illinois","January","3716.004013061523"
"Technology","Central","Illinois","February","2244.292022705078"
"Technology","Central","Illinois","March","3063.1360116004944"
"Technology","Central","Illinois","April","1899.353967666626"
"Technology","Central","Illinois","May","3628.554051399231"
"Technology","Central","Illinois","June","2598.292016983032"
"Technology","Central","Illinois","July","228.64799880981445"
"Technology","Central","Illinois","August","2898.311958789825"
"Technology","Central","Illinois","September","1027.8960161209106"
"Technology","Central","Illinois","October","4078.997934341431"
"Technology","Central","Illinois","November","1706.479995727539"
"Technology","Central","Illinois","December","4893.71005821228"
"Technology","Central","Indiana","January","433.4800081253052"
"Technology","Central","Indiana","February","17562.21039199829"
"Technology","Central","Indiana","March","394.80999755859375"
"Technology","Central","Indiana","April","155.33999633789062"
"Technology","Central","Indiana","May","791.0599689483643"
"Technology","Central","Indiana","June","1440.8899841308594"
"Technology","Central","Indiana","July","990.9500122070312"
"Technology","Central","Indiana","September","199.9600067138672"
"Technology","Central","Indiana","October","1456.4699902534485"
"Technology","Central","Indiana","November","2498.349975585937"
"Technology","Central","Indiana","December","399.6799926757813"
"Technology","Central","Iowa","January","207"
"Technology","Central","Iowa","May","278.3999938964844"
"Technology","Central","Iowa","August","263.9599914550781"
"Technology","Central","Iowa","November","404.9400024414063"
"Technology","Central","Kansas","October","257.9800109863281"
"Technology","Central","Kansas","November","533.6599922180176"
"Technology","Central","Kansas","December","57.400001525878906"
"Technology","Central","Michigan","January","1618.553017616272"
"Technology","Central","Michigan","February","3128.580078125"
"Technology","Central","Michigan","March","99.9800033569336"
"Technology","Central","Michigan","April","610.9299802780151"
"Technology","Central","Michigan","June","963.7899856567384"
"Technology","Central","Michigan","July","3924.879997253418"
"Technology","Central","Michigan","August","1801.189995765686"
"Technology","Central","Michigan","September","1440.750036239624"
"Technology","Central","Michigan","October","900.0499877929688"
"Technology","Central","Michigan","November","719.2000045776367"
"Technology","Central","Michigan","December","1016.8499908447266"
"Technology","Central","Minnesota","April","542.7500152587891"
"Technology","Central","Minnesota","July","63.959999084472656"
"Technology","Central","Minnesota","August","492.9199981689453"
"Technology","Central","Minnesota","September","727.9000244140625"
"Technology","Central","Minnesota","October","569.9799900054932"
"Technology","Central","Minnesota","November","327.95000076293945"
"Technology","Central","Minnesota","December","119.8000030517578"
"Technology","Central","Missouri","February","21.200000762939453"
"Technology","Central","Missouri","April","279.95001220703125"
"Technology","Central","Missouri","May","114.9499969482422"
"Technology","Central","Missouri","July","113.5199966430664"
"Technology","Central","Missouri","October","859.6200103759766"
"Technology","Central","Missouri","November","749.8199920654297"
"Technology","Central","Missouri","December","4947.460174560547"
"Technology","Central","Nebraska","February","2479.9599609375"
"Technology","Central","Nebraska","March","239.94000244140625"
"Technology","Central","Nebraska","May","79.95999908447266"
"Technology","Central","Nebraska","June","269.9800109863281"
"Technology","Central","Nebraska","July","35.97999954223633"
"Technology","Central","Nebraska","September","179.91999626159668"
"Technology","Central","Oklahoma","March","1934.68994140625"
"Technology","Central","Oklahoma","June","6.900000095367432"
"Technology","Central","Oklahoma","July","566.8199996948242"
"Technology","Central","Oklahoma","September","1113.8999938964844"
"Technology","Central","Oklahoma","October","1667.4000396728516"
"Technology","Central","Oklahoma","November","1014.859992980957"
"Technology","Central","Oklahoma","December","63.880001068115234"
"Technology","Central","South Dakota","July","392.94000124931335"
"Technology","Central","Texas","January","1945.7079811096191"
"Technology","Central","Texas","February","1895.4620361328125"
"Technology","Central","Texas","March","6191.730028152466"
"Technology","Central","Texas","April","2609.080009460449"
"Technology","Central","Texas","May","2321.596024990082"
"Technology","Central","Texas","June","2075.448010444641"
"Technology","Central","Texas","July","2162.429986953736"
"Technology","Central","Texas","August","15394.002250671389"
"Technology","Central","Texas","September","10344.64198064804"
"Technology","Central","Texas","October","6857.480020523071"
"Technology","Central","Texas","November","6904.989943981171"
"Technology","Central","Texas","December","6401.643928527832"
"Technology","Central","Wisconsin","January","481.88999366760254"
"Technology","Central","Wisconsin","February","974.8999786376952"
"Technology","Central","Wisconsin","April","1099.9599609375"
"Technology","Central","Wisconsin","May","660.4100112915039"
"Technology","Central","Wisconsin","July","835.2299995422363"
"Technology","Central","Wisconsin","August","998.0100140571594"
"Technology","Central","Wisconsin","September","685.0800170898438"
"Technology","Central","Wisconsin","October","1649.75"
"Technology","Central","Wisconsin","November","1143.6900177001953"
"Technology","Central","Wisconsin","December","269.23999404907227"
"Technology","East","Connecticut","February","14.989999771118164"
"Technology","East","Connecticut","March","338.4899978637696"
"Technology","East","Connecticut","June","566.969970703125"
"Technology","East","Connecticut","July","359.9800109863281"
"Technology","East","Connecticut","September","517.7100105285645"
"Technology","East","Connecticut","October","99.98999786376952"
"Technology","East","Connecticut","November","892.8999938964844"
"Technology","East","Delaware","March","609.9300079345703"
"Technology","East","Delaware","April","19.979999542236328"
"Technology","East","Delaware","June","132.77000045776367"
"Technology","East","Delaware","July","707.8199691772461"
"Technology","East","Delaware","August","291.8699951171875"
"Technology","East","Delaware","September","391.9800109863281"
"Technology","East","Delaware","October","158.99000549316406"
"Technology","East","Delaware","November","12180.870018005371"
"Technology","East","Delaware","December","68.04000091552734"
"Technology","East","District of Columbia","April","1379.9200439453125"
"Technology","East","Maine","April","255.4199981689453"
"Technology","East","Maine","June","67.9800033569336"
"Technology","East","Maine","September","437.8500061035156"
"Technology","East","Maryland","January","179.97000122070312"
"Technology","East","Maryland","February","231.97999572753903"
"Technology","East","Maryland","April","90.4800033569336"
"Technology","East","Maryland","May","89.97000122070312"
"Technology","East","Maryland","July","139.02999877929688"
"Technology","East","Maryland","September","3111.4900398254395"
"Technology","East","Maryland","October","233.15000915527344"
"Technology","East","Maryland","November","89.97000122070312"
"Technology","East","Massachusetts","January","721.8200073242188"
"Technology","East","Massachusetts","February","979.9500122070312"
"Technology","East","Massachusetts","March","258.8999938964844"
"Technology","East","Massachusetts","April","209.5"
"Technology","East","Massachusetts","August","83.1500015258789"
"Technology","East","Massachusetts","September","1459.720043182373"
"Technology","East","Massachusetts","October","177"
"Technology","East","Massachusetts","November","452.710018157959"
"Technology","East","Massachusetts","December","1383.879981994629"
"Technology","East","New Hampshire","January","401.9600009918213"
"Technology","East","New Hampshire","April","159.97999572753906"
"Technology","East","New Hampshire","June","824.9500122070312"
"Technology","East","New Hampshire","December","2249.909912109375"
"Technology","East","New Jersey","January","254.97000122070312"
"Technology","East","New Jersey","February","163.9800033569336"
"Technology","East","New Jersey","April","9099.9296875"
"Technology","East","New Jersey","May","698.0800094604492"
"Technology","East","New Jersey","June","1562.9000549316406"
"Technology","East","New Jersey","July","712.3600006103516"
"Technology","East","New Jersey","September","1044.8800048828125"
"Technology","East","New Jersey","November","517.8900146484375"
"Technology","East","New Jersey","December","446.1700019836426"
"Technology","East","New York","January","10141.90023946762"
"Technology","East","New York","February","1545.829990386963"
"Technology","East","New York","March","3609.210023880005"
"Technology","East","New York","April","8653.339946746826"
"Technology","East","New York","May","8925.409954071045"
"Technology","East","New York","June","10058.685995101929"
"Technology","East","New York","July","10914.76986026764"
"Technology","East","New York","August","8830.529724121094"
"Technology","East","New York","September","18812.25398826599"
"Technology","East","New York","October","18753.96417999268"
"Technology","East","New York","November","17545.34999346733"
"Technology","East","New York","December","9692.28402519226"
"Technology","East","Ohio","January","1751.219989776611"
"Technology","East","Ohio","February","2718.2419879436493"
"Technology","East","Ohio","March","1812.0810241699216"
"Technology","East","Ohio","April","1334.853973388672"
"Technology","East","Ohio","May","2177.501998901367"
"Technology","East","Ohio","June","1088.2200012207031"
"Technology","East","Ohio","July","3788.453926086426"
"Technology","East","Ohio","August","1106.0479936599731"
"Technology","East","Ohio","September","2452.697907924652"
"Technology","East","Ohio","October","880.4639911651611"
"Technology","East","Ohio","November","9685.383955001833"
"Technology","East","Ohio","December","6880.823981285095"
"Technology","East","Pennsylvania","January","676.1060047149658"
"Technology","East","Pennsylvania","February","2330.2000579833984"
"Technology","East","Pennsylvania","March","2722.721990585327"
"Technology","East","Pennsylvania","April","1107.3160247802734"
"Technology","East","Pennsylvania","May","9482.436462402344"
"Technology","East","Pennsylvania","June","2313.1790313720703"
"Technology","East","Pennsylvania","July","4473.513920783997"
"Technology","East","Pennsylvania","August","4282.5300006866455"
"Technology","East","Pennsylvania","September","5206.286969184876"
"Technology","East","Pennsylvania","October","2565.6949644088745"
"Technology","East","Pennsylvania","November","5221.013942718506"
"Technology","East","Pennsylvania","December","1834.2859745025637"
"Technology","East","Rhode Island","February","1064.7600173950195"
"Technology","East","Rhode Island","April","5469.890159606934"
"Technology","East","Rhode Island","July","252"
"Technology","East","Rhode Island","December","3687.760009765625"
"Technology","East","Vermont","January","99.9800033569336"
"Technology","East","Vermont","May","205.02999877929688"
"Technology","East","Vermont","June","1294.75"
"Technology","South","Alabama","April","25.979999542236328"
"Technology","South","Alabama","May","1160.8800086975098"
"Technology","South","Alabama","June","899.969970703125"
"Technology","South","Alabama","July","29"
"Technology","South","Alabama","September","269.94000244140625"
"Technology","South","Alabama","October","1394.949951171875"
"Technology","South","Alabama","November","4599.879959106445"
"Technology","South","Alabama","December","588.4800033569336"